experience,age,city,education,salary
6,32,Hyderabad,MBA,995184.0
7,32,Bangalore,BTech,1253497.0
2,26,Mumbai,BTech,407528.0
1,27,Bangalore,BTech,358106.0
2,29,Bangalore,BTech,537430.0
1,26,Delhi,MTech,333688.0
8,34,Bangalore,PhD,2494595.0
7,29,Delhi,BTech,975664.0
4,30,Delhi,MTech,772694.0
4,25,Bangalore,BTech,894104.0
1,26,Mumbai,BTech,393083.0
8,32,Delhi,MTech,1455668.0
6,34,Mumbai,MTech,854435.0
15,36,Bangalore,BTech,5866457.0
7,29,Hyderabad,MTech,1465304.0
6,29,Hyderabad,BTech,938440.0
4,31,Hyderabad,BTech,711483.0
2,25,Bangalore,MBA,531233.0
7,32,Hyderabad,MTech,1441317.0
8,33,Hyderabad,PhD,1954646.0
2,26,Hyderabad,BTech,396812.0
1,23,Mumbai,BTech,332864.0
15,40,Delhi,MTech,6718289.0
2,25,Hyderabad,MBA,341067.0
3,29,Delhi,BTech,421428.0
8,32,Hyderabad,BTech,1437321.0
9,34,Hyderabad,MBA,2221183.0
5,29,Hyderabad,MTech,880384.0
3,27,Mumbai,MTech,747450.0
3,25,Hyderabad,BTech,525981.0
3,29,Delhi,BTech,625652.0
8,32,Delhi,BTech,1484002.0
2,24,Bangalore,PhD,712329.0
4,30,Hyderabad,MTech,845508.0
11,37,Delhi,MTech,2378601.0
3,28,Delhi,MBA,611246.0
8,32,Bangalore,BTech,1941863.0
8,33,Hyderabad,BTech,1480714.0
4,29,Hyderabad,BTech,663777.0
2,24,Bangalore,MTech,598545.0
4,31,Mumbai,MBA,796843.0
1,22,Mumbai,MBA,280037.0
6,28,Bangalore,PhD,1691989.0
10,31,Mumbai,BTech,1874113.0
12,38,Delhi,MTech,3163685.0
2,27,Delhi,BTech,420064.0
5,28,Bangalore,PhD,959469.0
12,36,Delhi,MBA,3686233.0
2,26,Bangalore,BTech,516088.0
11,31,Bangalore,BTech,2829398.0
1,24,Delhi,BTech,301524.0
5,29,Hyderabad,MTech,786432.0
5,28,Hyderabad,BTech,790483.0
13,40,Delhi,BTech,2855181.0
2,26,Mumbai,MBA,327949.0
1,27,Hyderabad,MTech,275809.0
12,34,Bangalore,BTech,3861151.0
11,35,Delhi,BTech,2463945.0
2,28,Bangalore,BTech,560059.0
20,45,Bangalore,BTech,8916097.0
3,25,Bangalore,BTech,529969.0
3,29,Bangalore,BTech,570679.0
10,32,Delhi,BTech,1507509.0
11,34,Delhi,BTech,2060006.0
7,27,Hyderabad,BTech,1028752.0
1,24,Mumbai,MBA,402357.0
5,29,Hyderabad,MTech,694198.0
7,32,Delhi,MTech,1113714.0
9,33,Bangalore,BTech,1558484.0
3,25,Bangalore,BTech,607069.0
5,28,Delhi,PhD,1116880.0
10,33,Hyderabad,MTech,2335120.0
3,30,Delhi,BTech,433234.0
7,29,Bangalore,BTech,1205792.0
4,27,Mumbai,MTech,718924.0
7,33,Mumbai,MTech,1365425.0
2,30,Mumbai,MTech,406913.0
5,31,Bangalore,BTech,835458.0
10,32,Mumbai,MBA,2572685.0
8,34,Bangalore,BTech,1456772.0
5,25,Delhi,BTech,612323.0
3,30,Delhi,BTech,426974.0
9,36,Hyderabad,MTech,2286671.0
2,26,Delhi,BTech,411226.0
6,28,Bangalore,BTech,1177082.0
4,29,Hyderabad,MTech,705672.0
1,22,Delhi,BTech,216131.0
3,26,Bangalore,MTech,438696.0
8,35,Mumbai,BTech,1303338.0
3,29,Mumbai,BTech,552948.0
4,30,Bangalore,BTech,718109.0
6,30,Hyderabad,BTech,768536.0
10,37,Mumbai,MTech,3321344.0
3,23,Bangalore,BTech,399099.0
2,25,Bangalore,BTech,401006.0
7,31,Delhi,BTech,949836.0
11,35,Mumbai,MTech,3236478.0
6,32,Bangalore,MBA,997127.0
7,29,Hyderabad,MTech,1620391.0
2,22,Bangalore,MTech,442002.0
5,30,Bangalore,BTech,983257.0
11,34,Bangalore,MTech,3903583.0
10,32,Bangalore,BTech,2501338.0
16,37,Hyderabad,BTech,4350281.0
8,31,Mumbai,BTech,1371629.0
2,26,Bangalore,MTech,644653.0
6,29,Mumbai,MBA,1051328.0
4,31,Hyderabad,BTech,660843.0
6,32,Hyderabad,MBA,886187.0
2,30,Bangalore,MBA,707972.0
4,28,Delhi,MBA,524738.0
8,33,Mumbai,BTech,1644053.0
14,36,Mumbai,BTech,2790585.0
1,26,Bangalore,MBA,601608.0
14,39,Delhi,BTech,5144214.0
9,32,Delhi,BTech,1918952.0
3,30,Hyderabad,BTech,568730.0
3,29,Hyderabad,BTech,530381.0
3,31,Delhi,BTech,419037.0
2,27,Hyderabad,MTech,426616.0
11,34,Delhi,BTech,2465908.0
9,33,Mumbai,MBA,2573061.0
8,34,Bangalore,BTech,1387826.0
10,34,Hyderabad,BTech,2203107.0
6,32,Mumbai,BTech,1090696.0
3,27,Delhi,MTech,667427.0
2,25,Delhi,MTech,573731.0
14,37,Mumbai,BTech,4912368.0
3,26,Bangalore,MBA,677086.0
4,28,Mumbai,BTech,594422.0
3,30,Bangalore,BTech,607450.0
14,39,Bangalore,BTech,6452236.0
2,28,Delhi,BTech,346832.0
2,25,Mumbai,BTech,340001.0
5,27,Mumbai,MBA,1031836.0
12,35,Delhi,MBA,4381297.0
11,36,Delhi,MTech,3040595.0
2,27,Hyderabad,BTech,521595.0
5,31,Delhi,MBA,1050137.0
2,27,Delhi,MBA,448751.0
12,33,Bangalore,MTech,4705902.0
3,25,Bangalore,BTech,729130.0
7,34,Bangalore,BTech,1482302.0
5,28,Bangalore,BTech,946638.0
6,30,Hyderabad,BTech,889867.0
13,41,Bangalore,BTech,3854346.0
2,24,Bangalore,BTech,466891.0
3,26,Hyderabad,MTech,596462.0
7,31,Hyderabad,BTech,1151009.0
4,30,Hyderabad,MTech,790089.0
2,29,Bangalore,MTech,764461.0
11,37,Hyderabad,BTech,2061783.0
4,28,Bangalore,BTech,758514.0
5,25,Hyderabad,BTech,692958.0
2,22,Bangalore,BTech,585775.0
1,24,Delhi,MTech,259130.0
4,28,Mumbai,BTech,630247.0
1,26,Hyderabad,BTech,330908.0
5,25,Bangalore,MBA,877434.0
4,30,Bangalore,BTech,959861.0
4,27,Bangalore,MTech,1040551.0
8,33,Bangalore,BTech,1738051.0
1,21,Hyderabad,BTech,337502.0
6,31,Bangalore,BTech,793776.0
6,33,Hyderabad,BTech,797709.0
7,32,Delhi,BTech,1010892.0
5,28,Bangalore,BTech,647203.0
20,41,Delhi,MBA,9453824.0
6,33,Bangalore,PhD,995670.0
5,30,Delhi,MBA,835152.0
3,26,Bangalore,BTech,580680.0
2,24,Mumbai,BTech,497277.0
8,33,Delhi,MTech,1120962.0
11,35,Bangalore,MTech,3063118.0
4,30,Hyderabad,BTech,648230.0
14,35,Mumbai,BTech,3265528.0
7,29,Bangalore,BTech,1542761.0
7,34,Delhi,BTech,1000747.0
6,31,Hyderabad,MTech,976751.0
11,33,Hyderabad,MBA,3582379.0
11,35,Mumbai,MTech,2487309.0
12,37,Hyderabad,MBA,3949830.0
1,23,Mumbai,MTech,259894.0
9,36,Bangalore,MBA,2422457.0
19,46,Hyderabad,MTech,10000000.0
1,24,Hyderabad,BTech,383081.0
2,30,Delhi,BTech,440130.0
1,21,Bangalore,BTech,343474.0
3,27,Bangalore,BTech,470127.0
9,32,Mumbai,BTech,1433993.0
5,28,Delhi,MBA,726323.0
8,35,Bangalore,BTech,1158390.0
2,25,Mumbai,MBA,519962.0
6,27,Bangalore,PhD,1107848.0
14,40,Bangalore,PhD,7616604.0
8,32,Mumbai,BTech,1483771.0
3,25,Hyderabad,BTech,629063.0
3,26,Delhi,BTech,576893.0
1,25,Mumbai,BTech,335689.0
10,33,Delhi,BTech,1990097.0
4,27,Bangalore,MBA,866318.0
8,31,Mumbai,PhD,1991287.0
2,24,Delhi,MBA,498740.0
1,26,Delhi,BTech,323030.0
11,37,Mumbai,MTech,1922439.0
11,34,Mumbai,BTech,2993974.0
6,28,Hyderabad,MBA,1312002.0
1,25,Bangalore,MTech,333182.0
5,27,Delhi,MBA,890699.0
5,33,Bangalore,BTech,723922.0
5,27,Mumbai,BTech,482512.0
8,30,Bangalore,MTech,1654266.0
13,34,Bangalore,MTech,3713444.0
3,26,Hyderabad,MTech,553427.0
6,33,Bangalore,MTech,1295462.0
20,47,Bangalore,BTech,8286033.0
8,32,Hyderabad,MTech,1335978.0
11,36,Mumbai,MTech,3633819.0
14,39,Bangalore,MTech,5134204.0
4,28,Bangalore,BTech,740102.0
1,25,Bangalore,MBA,611712.0
8,30,Bangalore,BTech,1813066.0
9,35,Bangalore,BTech,1873124.0
3,25,Delhi,MBA,425290.0
2,24,Delhi,BTech,262666.0
11,34,Bangalore,PhD,4437587.0
3,24,Delhi,BTech,432385.0
2,24,Delhi,MBA,460928.0
1,21,Bangalore,BTech,375209.0
2,28,Delhi,PhD,475911.0
7,29,Delhi,BTech,1284772.0
13,37,Delhi,BTech,3470015.0
1,28,Mumbai,MBA,373570.0
3,28,Delhi,BTech,557453.0
11,33,Bangalore,MTech,3217069.0
4,25,Bangalore,BTech,734426.0
7,29,Mumbai,MBA,1364429.0
5,27,Bangalore,BTech,867617.0
3,28,Bangalore,MBA,869812.0
7,34,Bangalore,BTech,1017681.0
6,28,Mumbai,MTech,1001144.0
4,30,Delhi,PhD,662938.0
4,25,Bangalore,BTech,637074.0
4,27,Bangalore,BTech,779186.0
6,31,Bangalore,MBA,1214054.0
5,31,Bangalore,MTech,1072144.0
14,38,Bangalore,BTech,5138948.0
8,30,Delhi,PhD,1852165.0
11,35,Delhi,MBA,3372872.0
2,29,Hyderabad,BTech,318217.0
1,23,Bangalore,MTech,323698.0
1,22,Delhi,BTech,394976.0
10,36,Delhi,BTech,2661970.0
3,28,Mumbai,BTech,647681.0
4,28,Mumbai,MTech,739211.0
5,31,Bangalore,MTech,992240.0
2,23,Bangalore,BTech,477213.0
7,30,Hyderabad,BTech,1141999.0
3,25,Hyderabad,PhD,554535.0
7,32,Hyderabad,BTech,1322930.0
2,24,Bangalore,MBA,540439.0
12,38,Delhi,BTech,3203170.0
2,27,Mumbai,MBA,597215.0
3,25,Bangalore,BTech,709468.0
4,28,Mumbai,BTech,756156.0
2,24,Bangalore,BTech,661184.0
7,31,Mumbai,MTech,1451413.0
4,32,Mumbai,PhD,975630.0
13,40,Bangalore,BTech,5079820.0
3,24,Mumbai,BTech,507169.0
3,25,Hyderabad,BTech,447322.0
3,24,Bangalore,BTech,578363.0
7,30,Bangalore,MTech,1420918.0
1,25,Mumbai,MTech,514929.0
2,25,Mumbai,MTech,536099.0
3,26,Hyderabad,BTech,612338.0
3,30,Bangalore,MBA,597757.0
1,27,Hyderabad,MTech,417674.0
1,23,Hyderabad,BTech,438815.0
7,34,Bangalore,BTech,1145430.0
2,27,Bangalore,BTech,426802.0
3,24,Bangalore,BTech,592213.0
2,28,Delhi,PhD,459366.0
2,27,Bangalore,MBA,615146.0
6,32,Mumbai,MBA,1030843.0
1,26,Hyderabad,MBA,420567.0
8,32,Bangalore,BTech,1464118.0
1,24,Bangalore,PhD,482937.0
7,30,Mumbai,MBA,1238863.0
7,31,Hyderabad,MTech,961578.0
5,30,Hyderabad,PhD,1164067.0
3,23,Bangalore,BTech,566913.0
4,25,Hyderabad,MTech,662568.0
1,27,Hyderabad,BTech,369568.0
6,32,Bangalore,MBA,851109.0
11,36,Bangalore,BTech,3356489.0
1,27,Hyderabad,BTech,380457.0
8,35,Bangalore,MTech,2141173.0
16,36,Bangalore,MTech,8347842.0
9,35,Mumbai,BTech,1732782.0
1,29,Mumbai,MTech,483850.0
2,28,Delhi,BTech,372280.0
2,24,Hyderabad,BTech,416511.0
5,26,Delhi,MTech,816423.0
11,32,Mumbai,BTech,2704403.0
4,31,Bangalore,BTech,584834.0
1,26,Hyderabad,BTech,382248.0
9,33,Bangalore,MTech,2533194.0
5,28,Hyderabad,MBA,1045241.0
1,25,Bangalore,BTech,504744.0
6,31,Bangalore,PhD,1716009.0
5,27,Mumbai,BTech,696933.0
4,27,Hyderabad,MTech,789325.0
3,25,Mumbai,MTech,548507.0
3,26,Bangalore,MTech,569406.0
2,26,Hyderabad,BTech,425235.0
5,32,Bangalore,BTech,870344.0
10,37,Hyderabad,BTech,1855319.0
1,27,Hyderabad,BTech,333982.0
9,34,Hyderabad,BTech,1135349.0
1,28,Hyderabad,MBA,387266.0
4,28,Mumbai,MTech,675199.0
1,26,Bangalore,BTech,537949.0
12,35,Bangalore,MTech,4487745.0
9,34,Bangalore,BTech,1257007.0
12,38,Delhi,BTech,2614581.0
2,23,Mumbai,BTech,306743.0
1,28,Mumbai,BTech,388981.0
3,28,Bangalore,MBA,584962.0
8,31,Hyderabad,BTech,1366802.0
12,35,Delhi,MTech,2742673.0
2,28,Mumbai,MTech,326613.0
7,31,Delhi,BTech,1303218.0
1,21,Bangalore,BTech,292838.0
1,25,Delhi,MTech,472587.0
2,25,Bangalore,BTech,489400.0
4,28,Bangalore,BTech,608338.0
2,25,Bangalore,BTech,551034.0
4,26,Bangalore,MTech,812626.0
6,27,Bangalore,PhD,1434136.0
10,32,Delhi,BTech,2660466.0
1,23,Hyderabad,MTech,340661.0
6,28,Mumbai,BTech,1055769.0
1,26,Mumbai,BTech,327764.0
1,24,Mumbai,PhD,432290.0
5,31,Bangalore,BTech,865037.0
2,25,Mumbai,BTech,268811.0
2,27,Bangalore,MTech,522204.0
2,23,Hyderabad,MBA,543666.0
5,29,Bangalore,BTech,825841.0
1,25,Hyderabad,BTech,304589.0
9,35,Bangalore,BTech,1910214.0
1,24,Mumbai,BTech,384784.0
7,30,Bangalore,BTech,1069523.0
2,24,Bangalore,BTech,494648.0
5,29,Delhi,BTech,576312.0
6,30,Mumbai,MTech,1224194.0
12,37,Bangalore,BTech,3269997.0
3,30,Hyderabad,MBA,503921.0
2,27,Bangalore,BTech,471363.0
6,28,Mumbai,MBA,1000125.0
20,41,Bangalore,MBA,10000000.0
12,38,Mumbai,BTech,2942191.0
1,25,Hyderabad,BTech,398590.0
4,27,Hyderabad,BTech,732734.0
3,29,Delhi,MTech,618093.0
12,37,Hyderabad,BTech,4534524.0
2,23,Delhi,BTech,405962.0
20,42,Bangalore,MBA,10000000.0
3,28,Hyderabad,BTech,518630.0
5,27,Bangalore,BTech,707160.0
5,31,Bangalore,BTech,898361.0
1,27,Bangalore,MBA,392974.0
3,26,Hyderabad,PhD,673984.0
8,34,Hyderabad,BTech,1406855.0
8,35,Mumbai,PhD,2159824.0
2,24,Mumbai,BTech,268811.0
5,31,Mumbai,MTech,1061993.0
7,30,Hyderabad,BTech,989974.0
4,26,Bangalore,MTech,588716.0
1,26,Mumbai,BTech,323352.0
7,29,Delhi,BTech,1022832.0
3,26,Hyderabad,BTech,621158.0
4,28,Bangalore,BTech,890637.0
6,27,Bangalore,BTech,960598.0
5,32,Bangalore,BTech,947642.0
7,29,Delhi,BTech,1303233.0
17,43,Hyderabad,PhD,10000000.0
3,27,Bangalore,BTech,685809.0
1,25,Hyderabad,MBA,280642.0
2,30,Bangalore,MBA,535530.0
6,27,Delhi,MTech,1030313.0
5,30,Bangalore,BTech,551443.0
14,41,Mumbai,BTech,3387406.0
5,26,Hyderabad,BTech,993690.0
2,24,Delhi,BTech,565775.0
2,28,Mumbai,BTech,409173.0
14,37,Mumbai,BTech,2790585.0
4,27,Bangalore,MTech,1042171.0
7,33,Mumbai,BTech,1084927.0
6,29,Bangalore,BTech,1181280.0
3,28,Hyderabad,MTech,756590.0
7,29,Hyderabad,BTech,1178201.0
3,28,Hyderabad,BTech,551369.0
9,33,Mumbai,MTech,1774137.0
4,25,Hyderabad,BTech,659400.0
1,25,Mumbai,BTech,469253.0
4,27,Mumbai,BTech,714554.0
2,27,Mumbai,PhD,385619.0
11,33,Mumbai,PhD,4283665.0
4,26,Hyderabad,BTech,542080.0
2,25,Delhi,MBA,383153.0
3,26,Hyderabad,BTech,635335.0
4,30,Bangalore,MTech,677697.0
6,27,Mumbai,BTech,919646.0
17,40,Delhi,MBA,10000000.0
3,26,Hyderabad,MTech,679638.0
7,32,Hyderabad,BTech,937637.0
10,36,Mumbai,MBA,3140853.0
14,34,Hyderabad,MTech,4444079.0
1,25,Bangalore,BTech,312705.0
5,29,Mumbai,BTech,685233.0
2,24,Bangalore,MBA,508598.0
1,28,Hyderabad,BTech,428279.0
8,33,Delhi,BTech,1026837.0
8,29,Hyderabad,MTech,1684924.0
7,32,Hyderabad,BTech,1150920.0
5,33,Mumbai,MTech,965123.0
17,42,Mumbai,BTech,9009728.0
3,30,Hyderabad,MTech,499743.0
4,27,Mumbai,BTech,752567.0
8,30,Hyderabad,MTech,1865854.0
3,29,Delhi,PhD,588289.0
12,39,Bangalore,BTech,3716979.0
1,28,Hyderabad,MBA,283901.0
5,32,Bangalore,MTech,777047.0
8,33,Delhi,BTech,1147384.0
5,29,Mumbai,MTech,929155.0
3,29,Hyderabad,BTech,405053.0
4,30,Mumbai,MTech,637140.0
4,29,Bangalore,BTech,726452.0
1,27,Delhi,BTech,251395.0
1,24,Mumbai,BTech,329083.0
5,32,Bangalore,BTech,942458.0
7,27,Mumbai,PhD,1646195.0
4,31,Mumbai,BTech,547910.0
5,28,Mumbai,MTech,1166412.0
15,39,Bangalore,MTech,8090507.0
3,26,Mumbai,BTech,678959.0
4,29,Hyderabad,MBA,1022433.0
4,28,Hyderabad,BTech,667004.0
7,31,Hyderabad,BTech,1127037.0
7,32,Bangalore,BTech,1102806.0
4,28,Mumbai,BTech,756272.0
7,30,Hyderabad,BTech,1227292.0
10,34,Hyderabad,BTech,1708342.0
5,27,Delhi,MBA,893518.0
2,23,Delhi,BTech,502592.0
6,31,Delhi,BTech,651132.0
4,29,Mumbai,BTech,674785.0
12,36,Hyderabad,BTech,3081183.0
5,30,Mumbai,MTech,612356.0
9,32,Bangalore,MTech,1539616.0
5,30,Mumbai,MTech,910391.0
2,26,Delhi,MBA,411706.0
5,30,Delhi,BTech,746878.0
5,32,Bangalore,MBA,1133961.0
3,28,Bangalore,MTech,666708.0
1,26,Bangalore,MTech,480576.0
8,30,Mumbai,MTech,2152081.0
17,42,Mumbai,MTech,5680391.0
12,35,Delhi,BTech,3024043.0
6,33,Hyderabad,BTech,740441.0
4,31,Bangalore,MBA,553570.0
5,31,Bangalore,BTech,1148390.0
11,38,Mumbai,MTech,2939347.0
3,26,Hyderabad,BTech,468547.0
8,35,Hyderabad,BTech,1451904.0
4,27,Delhi,BTech,599655.0
4,25,Delhi,BTech,467411.0
3,26,Hyderabad,MBA,638966.0
5,31,Bangalore,BTech,805056.0
14,38,Bangalore,MBA,9274545.0
4,29,Bangalore,MTech,679147.0
1,23,Delhi,MBA,478529.0
1,23,Delhi,BTech,290967.0
5,28,Delhi,MTech,700890.0
2,27,Bangalore,BTech,517646.0
3,30,Mumbai,MBA,761643.0
13,36,Delhi,MTech,4091398.0
4,28,Bangalore,MBA,718505.0
6,33,Bangalore,MBA,1189635.0
1,24,Mumbai,BTech,398911.0
9,31,Bangalore,BTech,2011473.0
3,31,Mumbai,MTech,501906.0
13,39,Hyderabad,BTech,3379090.0
2,24,Delhi,MBA,567754.0
9,32,Mumbai,BTech,1456848.0
8,31,Hyderabad,MTech,1585117.0
8,29,Hyderabad,BTech,1490564.0
3,24,Mumbai,BTech,670139.0
3,24,Delhi,BTech,477927.0
5,30,Delhi,MTech,553993.0
1,23,Delhi,BTech,326078.0
10,35,Bangalore,BTech,2187411.0
6,29,Bangalore,MBA,1163298.0
7,32,Bangalore,MTech,1711390.0
9,35,Mumbai,BTech,1888369.0
11,34,Bangalore,BTech,2512674.0
8,30,Mumbai,BTech,1702016.0
3,28,Mumbai,MTech,548640.0
6,29,Bangalore,BTech,1466344.0
2,23,Mumbai,BTech,447407.0
4,28,Delhi,BTech,421732.0
5,32,Bangalore,BTech,759078.0
5,32,Mumbai,BTech,665417.0
3,28,Bangalore,MBA,648359.0
4,27,Mumbai,MBA,712914.0
3,26,Bangalore,BTech,445790.0
2,23,Hyderabad,BTech,450592.0
1,24,Mumbai,BTech,457862.0
2,26,Hyderabad,BTech,378225.0
6,28,Bangalore,BTech,1353361.0
6,32,Mumbai,BTech,907223.0
4,29,Bangalore,MBA,964472.0
10,34,Hyderabad,BTech,1330925.0
1,25,Delhi,MTech,327507.0
2,26,Bangalore,BTech,387633.0
2,28,Bangalore,MBA,616184.0
16,42,Hyderabad,MBA,8775334.0
1,23,Hyderabad,BTech,383089.0
10,37,Bangalore,BTech,2043460.0
12,36,Bangalore,MBA,4631208.0
14,40,Delhi,BTech,4394035.0
6,33,Hyderabad,MBA,1173490.0
4,26,Hyderabad,BTech,613452.0
16,40,Bangalore,BTech,6082473.0
8,31,Bangalore,MBA,1950745.0
5,30,Bangalore,MTech,882729.0
14,36,Bangalore,BTech,5317325.0
11,37,Bangalore,BTech,2459995.0
3,29,Mumbai,BTech,403528.0
2,25,Bangalore,BTech,361819.0
2,26,Bangalore,MBA,720965.0
8,34,Delhi,BTech,1104790.0
4,27,Hyderabad,BTech,464112.0
13,37,Hyderabad,PhD,5774440.0
5,25,Bangalore,BTech,950665.0
2,23,Bangalore,MBA,528580.0
14,39,Delhi,MTech,3642493.0
4,24,Mumbai,MBA,779388.0
7,30,Mumbai,BTech,1031682.0
3,28,Hyderabad,PhD,452029.0
4,26,Hyderabad,MTech,858524.0
6,27,Bangalore,MTech,1451186.0
3,26,Delhi,MTech,580007.0
8,30,Bangalore,MTech,1636908.0
5,26,Mumbai,MTech,781900.0
2,28,Mumbai,PhD,423650.0
4,29,Bangalore,BTech,698324.0
7,33,Bangalore,BTech,1359050.0
2,24,Mumbai,BTech,385385.0
2,24,Bangalore,BTech,391446.0
2,30,Delhi,BTech,462234.0
1,23,Hyderabad,BTech,377917.0
11,38,Hyderabad,BTech,2227947.0
6,27,Bangalore,MTech,1290335.0
2,25,Bangalore,BTech,434300.0
5,30,Bangalore,MBA,1279996.0
13,38,Bangalore,BTech,2697660.0
18,44,Mumbai,BTech,9467906.0
7,30,Mumbai,BTech,991534.0
1,24,Bangalore,BTech,387173.0
7,30,Bangalore,MBA,1942835.0
3,25,Delhi,MBA,685741.0
3,28,Mumbai,MBA,660680.0
6,31,Mumbai,MTech,1143006.0
9,35,Hyderabad,BTech,2260633.0
2,24,Delhi,BTech,458905.0
4,29,Bangalore,MBA,828987.0
8,34,Hyderabad,MBA,2222047.0
5,28,Bangalore,BTech,694667.0
3,28,Bangalore,MBA,925782.0
1,24,Delhi,MTech,414331.0
2,26,Bangalore,MTech,521891.0
5,30,Mumbai,BTech,482512.0
17,41,Hyderabad,BTech,9304936.0
1,25,Bangalore,MTech,439494.0
7,32,Delhi,MTech,1307263.0
7,30,Mumbai,BTech,1242607.0
2,27,Mumbai,MTech,380578.0
1,28,Bangalore,MBA,361290.0
5,26,Hyderabad,MBA,717524.0
3,26,Bangalore,MBA,818533.0
15,41,Mumbai,BTech,6347464.0
2,28,Bangalore,BTech,397856.0
5,33,Hyderabad,BTech,501813.0
3,25,Hyderabad,BTech,405824.0
6,27,Mumbai,BTech,863067.0
9,30,Delhi,BTech,1599429.0
9,34,Bangalore,BTech,1972319.0
4,30,Hyderabad,MTech,615450.0
2,29,Hyderabad,BTech,383249.0
4,26,Delhi,BTech,588537.0
1,27,Bangalore,MTech,407330.0
5,30,Delhi,MTech,606154.0
5,32,Hyderabad,BTech,766651.0
5,32,Delhi,BTech,871429.0
3,26,Bangalore,BTech,699725.0
5,29,Bangalore,BTech,693149.0
2,29,Mumbai,MTech,385589.0
5,27,Mumbai,BTech,701704.0
4,31,Bangalore,MTech,733138.0
5,32,Hyderabad,BTech,580523.0
11,32,Bangalore,MTech,2410480.0
8,28,Hyderabad,BTech,1592500.0
5,27,Hyderabad,MBA,1331301.0
15,41,Bangalore,BTech,7630298.0
5,29,Mumbai,MBA,588665.0
2,25,Mumbai,BTech,375954.0
8,34,Delhi,MTech,1789785.0
5,31,Bangalore,MTech,1015702.0
3,30,Bangalore,PhD,804289.0
1,26,Bangalore,BTech,328660.0
6,28,Bangalore,BTech,1118211.0
9,32,Bangalore,BTech,1884797.0
3,25,Mumbai,BTech,456622.0
6,27,Delhi,BTech,766612.0
8,30,Bangalore,BTech,1542592.0
4,27,Bangalore,BTech,892215.0
6,32,Delhi,BTech,914612.0
7,35,Bangalore,MTech,1283125.0
4,26,Bangalore,MTech,1029013.0
1,26,Hyderabad,MTech,335926.0
3,27,Mumbai,MTech,609153.0
4,29,Hyderabad,BTech,622826.0
11,38,Mumbai,BTech,3125883.0
10,32,Delhi,BTech,1249982.0
1,29,Bangalore,BTech,416281.0
9,35,Delhi,BTech,1315663.0
2,24,Delhi,BTech,342267.0
3,27,Bangalore,BTech,508214.0
2,26,Bangalore,PhD,823750.0
2,26,Delhi,BTech,396199.0
7,30,Bangalore,MTech,1081413.0
3,29,Bangalore,BTech,444549.0
6,33,Mumbai,BTech,956325.0
7,30,Bangalore,BTech,867053.0
2,24,Bangalore,MTech,631055.0
5,29,Hyderabad,BTech,932499.0
4,25,Delhi,BTech,607064.0
1,23,Mumbai,BTech,367360.0
11,35,Bangalore,MBA,5229061.0
13,36,Bangalore,BTech,3974438.0
2,25,Hyderabad,MTech,446953.0
1,25,Delhi,BTech,354417.0
8,34,Bangalore,MTech,2036936.0
1,27,Bangalore,MTech,369186.0
2,30,Hyderabad,MTech,513251.0
9,36,Bangalore,MTech,1762819.0
5,30,Hyderabad,MBA,948004.0
6,33,Bangalore,MBA,817613.0
9,32,Mumbai,BTech,1356970.0
8,33,Bangalore,MTech,1988739.0
7,29,Bangalore,BTech,1279588.0
2,26,Mumbai,BTech,322998.0
1,25,Hyderabad,BTech,456745.0
2,25,Bangalore,BTech,554884.0
4,27,Delhi,BTech,673513.0
16,42,Bangalore,BTech,7672019.0
6,30,Delhi,BTech,789866.0
6,30,Mumbai,MTech,1163236.0
4,31,Bangalore,BTech,453746.0
8,35,Hyderabad,BTech,1703183.0
5,31,Bangalore,MTech,975932.0
9,33,Hyderabad,MBA,2128464.0
3,28,Mumbai,MTech,535506.0
11,34,Bangalore,BTech,2464638.0
6,28,Hyderabad,BTech,1017894.0
6,30,Bangalore,BTech,1296386.0
9,34,Bangalore,MBA,3828559.0
3,30,Delhi,PhD,565481.0
2,25,Bangalore,MTech,457363.0
2,24,Bangalore,MBA,472492.0
2,24,Hyderabad,BTech,529752.0
7,29,Mumbai,BTech,1131588.0
5,28,Bangalore,BTech,897070.0
1,23,Bangalore,BTech,318876.0
7,31,Mumbai,BTech,1520344.0
5,29,Bangalore,BTech,758784.0
10,38,Delhi,BTech,2268761.0
5,29,Mumbai,BTech,582159.0
4,30,Bangalore,BTech,768679.0
1,29,Delhi,BTech,340798.0
3,27,Hyderabad,PhD,559960.0
6,33,Mumbai,BTech,937488.0
2,25,Bangalore,MTech,381466.0
8,28,Delhi,MBA,1187371.0
3,25,Hyderabad,BTech,500903.0
3,29,Mumbai,MBA,621083.0
2,28,Mumbai,MBA,666531.0
5,31,Delhi,BTech,535252.0
8,32,Delhi,MBA,1713725.0
4,30,Hyderabad,BTech,461314.0
6,30,Hyderabad,BTech,966954.0
11,31,Bangalore,MTech,3165249.0
1,23,Bangalore,BTech,354259.0
13,34,Mumbai,PhD,5649591.0
1,23,Hyderabad,PhD,485883.0
11,37,Hyderabad,MTech,3156972.0
9,31,Hyderabad,MBA,1535851.0
15,36,Bangalore,MTech,8311534.0
8,30,Hyderabad,MBA,1263752.0
1,24,Hyderabad,MBA,504710.0
3,25,Hyderabad,BTech,506132.0
1,25,Mumbai,BTech,354857.0
3,28,Delhi,MTech,490343.0
8,32,Mumbai,BTech,1272630.0
5,32,Hyderabad,BTech,866753.0
6,31,Bangalore,PhD,1657812.0
16,36,Bangalore,BTech,6930845.0
11,37,Delhi,BTech,2181490.0
2,30,Mumbai,BTech,417160.0
3,29,Bangalore,BTech,735809.0
5,27,Bangalore,BTech,958756.0
12,36,Bangalore,BTech,4297494.0
10,37,Hyderabad,MBA,2745774.0
1,28,Hyderabad,MBA,426740.0
3,29,Bangalore,BTech,537816.0
4,28,Hyderabad,BTech,765725.0
6,28,Mumbai,BTech,786323.0
6,28,Bangalore,MTech,787455.0
15,38,Hyderabad,BTech,6161893.0
9,35,Delhi,BTech,1421583.0
2,26,Bangalore,MTech,667793.0
6,29,Bangalore,MTech,1581812.0
9,31,Hyderabad,BTech,2059654.0
8,32,Mumbai,MTech,1426909.0
11,37,Mumbai,BTech,1791080.0
2,26,Mumbai,BTech,482368.0
11,33,Bangalore,BTech,4015005.0
7,33,Hyderabad,BTech,1071618.0
3,23,Mumbai,BTech,625226.0
6,29,Delhi,BTech,1151711.0
13,37,Delhi,BTech,3668076.0
13,39,Bangalore,BTech,4545035.0
2,25,Bangalore,BTech,475769.0
3,28,Delhi,BTech,467585.0
2,27,Mumbai,BTech,389034.0
7,31,Hyderabad,MTech,1117981.0
4,29,Delhi,BTech,650087.0
1,23,Bangalore,MTech,447444.0
3,29,Bangalore,MBA,514385.0
2,26,Mumbai,BTech,381392.0
4,25,Mumbai,BTech,678044.0
7,29,Bangalore,BTech,1218709.0
2,26,Delhi,PhD,700013.0
10,32,Bangalore,BTech,2189428.0
2,30,Delhi,MBA,428036.0
13,39,Bangalore,MTech,6384690.0
6,27,Delhi,BTech,862584.0
6,31,Hyderabad,BTech,1138573.0
3,23,Mumbai,BTech,464870.0
7,30,Mumbai,BTech,1242408.0
2,27,Bangalore,MBA,502471.0
2,25,Hyderabad,BTech,620976.0
6,31,Delhi,MBA,912601.0
3,23,Hyderabad,MBA,870682.0
13,37,Hyderabad,BTech,3934153.0
6,31,Hyderabad,MTech,1156421.0
2,23,Hyderabad,BTech,368377.0
9,34,Bangalore,BTech,2300772.0
4,31,Delhi,MTech,757657.0
2,30,Mumbai,MBA,557971.0
1,29,Hyderabad,BTech,328633.0
4,30,Mumbai,BTech,572234.0
6,29,Bangalore,BTech,670174.0
4,27,Bangalore,MTech,892940.0
5,30,Delhi,MTech,1122018.0
9,31,Mumbai,BTech,1675259.0
5,29,Mumbai,PhD,1114128.0
6,28,Bangalore,PhD,1742411.0
2,27,Delhi,MBA,451826.0
1,22,Bangalore,BTech,391938.0
1,25,Bangalore,BTech,397374.0
1,25,Hyderabad,BTech,351226.0
2,26,Hyderabad,BTech,490254.0
11,36,Hyderabad,BTech,2324652.0
4,30,Mumbai,BTech,604683.0
7,28,Mumbai,BTech,1172443.0
13,38,Delhi,MBA,3993577.0
9,33,Bangalore,BTech,1926604.0
1,27,Mumbai,MBA,417270.0
5,26,Delhi,MBA,809277.0
6,30,Hyderabad,PhD,1521010.0
13,37,Bangalore,BTech,2624218.0
12,37,Mumbai,BTech,2880830.0
2,24,Hyderabad,BTech,582743.0
3,30,Bangalore,PhD,851793.0
6,28,Mumbai,BTech,764107.0
1,28,Bangalore,MTech,515270.0
1,26,Bangalore,BTech,261215.0
3,26,Delhi,MTech,552386.0
2,23,Bangalore,BTech,446552.0
1,24,Mumbai,BTech,221187.0
2,26,Bangalore,MTech,537476.0
4,29,Mumbai,MTech,701136.0
4,28,Delhi,PhD,830694.0
7,32,Hyderabad,BTech,1111136.0
3,29,Bangalore,MBA,455497.0
8,33,Bangalore,BTech,1603978.0
5,30,Delhi,MTech,1108191.0
6,31,Bangalore,MTech,1710097.0
2,30,Bangalore,MTech,563154.0
2,24,Delhi,MBA,483456.0
13,40,Mumbai,BTech,3564975.0
1,27,Hyderabad,BTech,335806.0
6,33,Bangalore,MTech,1211549.0
4,29,Bangalore,BTech,711993.0
2,27,Hyderabad,MTech,531554.0
1,23,Hyderabad,BTech,336004.0
4,29,Bangalore,BTech,853316.0
2,25,Delhi,BTech,448422.0
13,36,Hyderabad,MBA,5431303.0
12,36,Bangalore,BTech,2939209.0
7,32,Bangalore,BTech,927096.0
17,38,Mumbai,BTech,8772241.0
7,33,Hyderabad,BTech,1453413.0
3,27,Hyderabad,BTech,640223.0
7,29,Mumbai,BTech,1137281.0
9,35,Hyderabad,PhD,2659017.0
8,30,Delhi,BTech,1185135.0
1,22,Hyderabad,BTech,362911.0
6,27,Hyderabad,MTech,1241679.0
7,31,Bangalore,BTech,940771.0
12,37,Delhi,PhD,3443470.0
13,37,Hyderabad,BTech,3562582.0
18,41,Hyderabad,MTech,7232676.0
2,27,Delhi,MBA,417700.0
3,30,Mumbai,BTech,553058.0
2,30,Delhi,BTech,262666.0
16,43,Delhi,BTech,6210243.0
2,25,Delhi,BTech,469053.0
10,32,Mumbai,BTech,2160407.0
4,31,Hyderabad,BTech,740929.0
11,36,Hyderabad,MTech,2373140.0
3,28,Delhi,MBA,643208.0
2,28,Hyderabad,MTech,498260.0
3,28,Delhi,BTech,385163.0
8,35,Mumbai,MTech,1699755.0
4,25,Bangalore,MBA,693205.0
3,29,Hyderabad,PhD,654154.0
17,39,Mumbai,BTech,7311357.0
4,25,Mumbai,BTech,594111.0
2,23,Mumbai,BTech,385335.0
8,31,Bangalore,MBA,2508230.0
10,33,Hyderabad,BTech,1782648.0
5,31,Mumbai,MTech,566952.0
2,28,Bangalore,BTech,629312.0
13,37,Hyderabad,BTech,4145592.0
2,28,Delhi,BTech,306517.0
6,31,Bangalore,MTech,1483481.0
4,30,Hyderabad,MTech,719568.0
3,24,Hyderabad,BTech,534626.0
7,30,Mumbai,BTech,1096643.0
3,26,Hyderabad,BTech,655996.0
1,29,Delhi,BTech,326000.0
1,23,Hyderabad,BTech,322624.0
9,36,Mumbai,BTech,1453464.0
1,28,Mumbai,MTech,457476.0
1,27,Bangalore,MBA,497405.0
17,41,Bangalore,BTech,6546344.0
4,30,Mumbai,MTech,824046.0
12,36,Mumbai,MTech,3122867.0
4,32,Mumbai,BTech,607804.0
3,30,Mumbai,MBA,640338.0
10,32,Bangalore,BTech,2360680.0
2,29,Bangalore,MTech,422273.0
3,28,Hyderabad,BTech,496141.0
8,35,Bangalore,BTech,1832555.0
8,33,Bangalore,BTech,1570372.0
17,39,Delhi,MTech,8125499.0
1,25,Mumbai,MBA,335593.0
2,27,Bangalore,BTech,526790.0
5,28,Bangalore,BTech,1004145.0
9,33,Mumbai,BTech,1874233.0
1,24,Mumbai,MBA,435675.0
4,25,Delhi,BTech,586391.0
16,42,Bangalore,MTech,8120288.0
2,25,Delhi,PhD,568743.0
10,35,Bangalore,MTech,2758012.0
3,28,Bangalore,MBA,644838.0
6,29,Bangalore,BTech,837018.0
10,31,Delhi,BTech,2006180.0
3,28,Bangalore,BTech,509507.0
5,29,Hyderabad,BTech,810293.0
4,26,Mumbai,MTech,578671.0
14,37,Mumbai,MTech,5671091.0
3,29,Bangalore,MBA,721451.0
2,24,Hyderabad,BTech,312477.0
5,31,Mumbai,BTech,880903.0
11,39,Delhi,MTech,2693076.0
9,32,Bangalore,MBA,2976072.0
5,28,Bangalore,BTech,814159.0
2,27,Hyderabad,MTech,612572.0
2,26,Mumbai,BTech,399351.0
5,26,Hyderabad,BTech,675311.0
5,31,Delhi,BTech,507189.0
5,26,Bangalore,MTech,831464.0
8,31,Bangalore,BTech,1871108.0
12,36,Delhi,BTech,2551767.0
8,35,Bangalore,BTech,989835.0
13,34,Delhi,MTech,4936572.0
5,30,Mumbai,MTech,822536.0
5,29,Bangalore,BTech,682648.0
14,39,Mumbai,MTech,4591378.0
13,36,Bangalore,BTech,3311073.0
14,35,Delhi,MTech,4643076.0
1,25,Delhi,MTech,294648.0
7,30,Bangalore,MBA,1710564.0
1,25,Delhi,BTech,353496.0
11,35,Delhi,MBA,2188169.0
2,29,Bangalore,MBA,823357.0
2,23,Delhi,BTech,472612.0
3,26,Bangalore,BTech,503394.0
1,28,Hyderabad,MTech,476481.0
14,40,Delhi,MTech,4705857.0
2,24,Hyderabad,BTech,304935.0
5,29,Bangalore,BTech,1005883.0
8,29,Bangalore,PhD,2526193.0
11,37,Hyderabad,BTech,1616838.0
3,25,Mumbai,MBA,584967.0
9,36,Delhi,PhD,2748035.0
12,34,Delhi,BTech,3267211.0
6,31,Hyderabad,BTech,779704.0
14,40,Bangalore,BTech,4192557.0
7,28,Delhi,BTech,1101174.0
5,28,Mumbai,MTech,890702.0
5,29,Bangalore,BTech,977648.0
6,29,Mumbai,MTech,1110733.0
14,40,Bangalore,MTech,6589907.0
4,27,Mumbai,BTech,588073.0
6,32,Bangalore,BTech,1172657.0
1,24,Bangalore,BTech,407750.0
6,30,Bangalore,BTech,1291665.0
6,30,Bangalore,BTech,1030833.0
1,24,Hyderabad,MTech,402875.0
9,34,Bangalore,BTech,2114691.0
9,31,Delhi,MTech,2051617.0
4,25,Mumbai,PhD,759463.0
1,27,Bangalore,BTech,398580.0
9,29,Bangalore,PhD,2809292.0
4,30,Mumbai,BTech,508102.0
3,25,Bangalore,BTech,535807.0
1,27,Hyderabad,BTech,368634.0
8,33,Bangalore,MTech,1526450.0
8,33,Bangalore,BTech,2116620.0
5,30,Bangalore,BTech,856971.0
4,27,Hyderabad,MBA,735814.0
7,27,Bangalore,BTech,1387049.0
2,25,Bangalore,BTech,484447.0
3,26,Bangalore,BTech,664275.0
1,28,Bangalore,BTech,487013.0
3,26,Delhi,BTech,499384.0
4,30,Mumbai,MTech,862588.0
4,28,Delhi,BTech,526932.0
7,31,Hyderabad,BTech,1468682.0
2,26,Mumbai,BTech,397894.0
6,32,Mumbai,PhD,1155686.0
5,26,Bangalore,BTech,970338.0
2,28,Bangalore,MTech,501496.0
11,32,Delhi,MTech,3582725.0
2,25,Delhi,MTech,478529.0
6,30,Hyderabad,MTech,1185933.0
9,33,Hyderabad,MBA,2433465.0
7,30,Delhi,BTech,1038605.0
1,25,Bangalore,BTech,402049.0
6,32,Bangalore,MTech,912843.0
6,29,Mumbai,MTech,859908.0
13,40,Bangalore,BTech,3982168.0
11,36,Hyderabad,PhD,3480095.0
3,26,Mumbai,BTech,443004.0
4,30,Mumbai,MTech,650857.0
11,32,Bangalore,BTech,2808881.0
1,26,Mumbai,BTech,345218.0
3,30,Bangalore,MTech,743833.0
10,33,Mumbai,MBA,2618545.0
2,27,Bangalore,BTech,432352.0
4,24,Mumbai,BTech,513762.0
2,26,Bangalore,BTech,404194.0
5,27,Hyderabad,BTech,962746.0
1,25,Mumbai,BTech,429005.0
5,27,Hyderabad,MTech,867730.0
8,30,Bangalore,BTech,1209223.0
4,30,Bangalore,MBA,1057554.0
12,38,Mumbai,BTech,1911346.0
6,30,Bangalore,MTech,1137162.0
2,29,Bangalore,BTech,388007.0
7,29,Mumbai,MBA,1395964.0
3,27,Bangalore,PhD,859033.0
3,29,Hyderabad,BTech,578951.0
3,27,Mumbai,MTech,571893.0
1,28,Delhi,BTech,232524.0
4,25,Mumbai,BTech,578428.0
14,37,Hyderabad,BTech,4402182.0
5,31,Hyderabad,MTech,906815.0
19,45,Bangalore,BTech,7581404.0
10,33,Bangalore,BTech,2425365.0
4,25,Bangalore,MBA,820620.0
9,31,Mumbai,BTech,1175107.0
15,40,Mumbai,BTech,5194147.0
9,33,Mumbai,MTech,2205638.0
8,31,Hyderabad,BTech,1313513.0
1,26,Mumbai,MTech,458181.0
5,31,Mumbai,MTech,899437.0
1,21,Mumbai,MTech,488087.0
14,38,Delhi,BTech,2726801.0
4,32,Bangalore,MTech,810836.0
3,27,Delhi,PhD,611516.0
8,35,Bangalore,MTech,1706681.0
1,25,Hyderabad,BTech,372311.0
18,42,Delhi,MBA,8352005.0
3,28,Mumbai,MBA,687235.0
1,23,Bangalore,MTech,346449.0
17,44,Bangalore,BTech,8992853.0
2,23,Bangalore,BTech,550891.0
4,27,Delhi,BTech,531732.0
7,28,Bangalore,BTech,1284529.0
7,31,Mumbai,MTech,1278583.0
10,34,Bangalore,MBA,2080456.0
6,27,Bangalore,MTech,1137017.0
6,32,Bangalore,BTech,890555.0
3,30,Delhi,BTech,490018.0
16,44,Delhi,MBA,9360613.0
4,24,Bangalore,BTech,557655.0
6,28,Bangalore,MBA,1570089.0
4,30,Bangalore,PhD,734715.0
11,37,Delhi,BTech,2256720.0
4,29,Mumbai,PhD,963529.0
12,36,Mumbai,MBA,3659416.0
6,33,Bangalore,MTech,1379299.0
4,28,Delhi,PhD,816083.0
7,29,Delhi,MBA,1345780.0
4,27,Mumbai,BTech,698142.0
1,25,Mumbai,BTech,461016.0
2,27,Hyderabad,MTech,465130.0
12,37,Mumbai,MBA,4257516.0
10,36,Bangalore,MBA,2887445.0
1,23,Mumbai,BTech,263282.0
2,24,Bangalore,BTech,422983.0
12,35,Bangalore,BTech,2729564.0
4,30,Delhi,BTech,578536.0
4,28,Bangalore,BTech,929572.0
11,35,Mumbai,MTech,3522338.0
7,35,Bangalore,BTech,1601840.0
1,24,Bangalore,BTech,378175.0
2,27,Bangalore,BTech,531379.0
7,29,Bangalore,MTech,1780465.0
6,31,Bangalore,MTech,1067993.0
11,35,Delhi,MBA,3291221.0
2,22,Delhi,BTech,324668.0
16,38,Hyderabad,MBA,9270814.0
8,31,Mumbai,BTech,866105.0
15,38,Bangalore,BTech,6497182.0
4,24,Hyderabad,BTech,608382.0
1,26,Delhi,BTech,440544.0
7,32,Mumbai,PhD,1320580.0
16,38,Delhi,BTech,5514663.0
4,28,Bangalore,BTech,619998.0
5,31,Bangalore,BTech,739474.0
3,25,Mumbai,BTech,387699.0
7,32,Mumbai,PhD,1299290.0
2,27,Mumbai,MBA,428357.0
11,35,Bangalore,BTech,3007475.0
4,28,Bangalore,BTech,804360.0
13,38,Hyderabad,MBA,5968593.0
13,37,Bangalore,BTech,4468202.0
14,41,Bangalore,BTech,5231369.0
6,32,Bangalore,MBA,1231284.0
15,39,Delhi,BTech,5012373.0
3,27,Bangalore,BTech,512016.0
2,28,Bangalore,BTech,310239.0
19,42,Mumbai,PhD,10000000.0
1,27,Bangalore,MTech,524649.0
2,27,Mumbai,MBA,557374.0
6,32,Bangalore,BTech,1057390.0
6,28,Bangalore,BTech,1238366.0
3,28,Bangalore,MBA,498259.0
6,27,Mumbai,MTech,1151243.0
13,40,Mumbai,BTech,3639767.0
5,29,Delhi,BTech,587013.0
12,38,Mumbai,MTech,3466173.0
2,29,Bangalore,BTech,605163.0
3,26,Mumbai,MBA,702617.0
2,26,Hyderabad,MBA,587811.0
2,28,Delhi,MBA,506671.0
11,34,Mumbai,BTech,2882372.0
3,29,Mumbai,MBA,696076.0
10,37,Bangalore,BTech,2543993.0
11,39,Mumbai,BTech,1890419.0
10,35,Mumbai,PhD,2346161.0
8,33,Delhi,BTech,1365801.0
6,27,Hyderabad,BTech,798484.0
12,35,Bangalore,BTech,2867397.0
20,43,Mumbai,BTech,5041794.0
10,35,Hyderabad,BTech,1575573.0
2,28,Delhi,BTech,480358.0
16,41,Bangalore,BTech,7278309.0
9,34,Delhi,BTech,1987772.0
5,28,Bangalore,MBA,939334.0
12,40,Mumbai,MTech,4198699.0
1,27,Hyderabad,BTech,410165.0
12,35,Mumbai,BTech,2649288.0
1,24,Hyderabad,BTech,393765.0
14,40,Bangalore,BTech,5046224.0
4,29,Delhi,BTech,581369.0
9,37,Hyderabad,MTech,1286262.0
3,28,Delhi,BTech,319221.0
7,31,Mumbai,BTech,971747.0
4,27,Hyderabad,BTech,472406.0
2,27,Hyderabad,PhD,529028.0
3,29,Mumbai,BTech,556909.0
1,23,Delhi,MTech,451997.0
10,36,Hyderabad,BTech,1621387.0
5,27,Bangalore,BTech,551443.0
9,33,Bangalore,PhD,3131337.0
5,33,Mumbai,PhD,1066818.0
10,31,Bangalore,BTech,1461967.0
6,28,Hyderabad,MTech,1332560.0
3,23,Hyderabad,PhD,536479.0
1,23,Bangalore,BTech,509746.0
2,25,Mumbai,MBA,543489.0
1,26,Mumbai,BTech,291963.0
1,27,Bangalore,BTech,546853.0
6,29,Hyderabad,BTech,674171.0
8,32,Delhi,BTech,1240577.0
1,22,Bangalore,MTech,591465.0
7,34,Hyderabad,BTech,910574.0
3,28,Hyderabad,BTech,555601.0
2,27,Hyderabad,MTech,396172.0
6,30,Bangalore,BTech,1491472.0
2,25,Delhi,BTech,391189.0
13,36,Mumbai,BTech,3658767.0
7,28,Bangalore,MBA,1713627.0
5,29,Delhi,MBA,1048935.0
1,23,Delhi,BTech,290084.0
7,31,Bangalore,BTech,1282491.0
4,30,Hyderabad,MTech,649818.0
1,23,Hyderabad,MTech,377454.0
3,26,Mumbai,BTech,419086.0
3,28,Bangalore,BTech,775823.0
10,35,Mumbai,BTech,2346591.0
7,34,Hyderabad,BTech,1138778.0
2,23,Bangalore,MTech,729211.0
8,35,Mumbai,MTech,1627997.0
2,27,Hyderabad,BTech,583366.0
10,36,Hyderabad,BTech,1900359.0
9,31,Bangalore,BTech,1573880.0
5,31,Hyderabad,BTech,501813.0
8,29,Hyderabad,PhD,2000483.0
16,43,Delhi,MTech,7199006.0
1,22,Bangalore,BTech,489584.0
13,37,Hyderabad,MTech,5351495.0
8,29,Bangalore,MBA,2249873.0
5,29,Hyderabad,BTech,555780.0
12,36,Mumbai,BTech,2859403.0
5,26,Mumbai,MBA,1028254.0
9,32,Bangalore,MTech,2544011.0
3,30,Mumbai,BTech,509638.0
3,26,Mumbai,MBA,398560.0
10,38,Mumbai,BTech,1622224.0
2,26,Bangalore,BTech,465916.0
4,30,Hyderabad,BTech,528632.0
8,32,Hyderabad,MBA,2259407.0
1,24,Bangalore,BTech,380063.0
6,32,Mumbai,BTech,841653.0
1,24,Bangalore,BTech,322365.0
12,36,Mumbai,MTech,3393722.0
4,31,Delhi,BTech,521137.0
6,30,Mumbai,MTech,1173090.0
2,23,Mumbai,BTech,444684.0
4,25,Delhi,BTech,597116.0
3,25,Bangalore,MTech,638577.0
7,32,Mumbai,BTech,1149267.0
20,44,Delhi,MTech,7923966.0
5,31,Delhi,BTech,713486.0
7,31,Mumbai,MBA,1490003.0
1,26,Delhi,MBA,390255.0
7,34,Mumbai,BTech,1107204.0
6,28,Mumbai,BTech,764611.0
7,30,Bangalore,BTech,1345054.0
8,32,Mumbai,BTech,1720790.0
5,29,Bangalore,BTech,707166.0
9,34,Delhi,BTech,2274654.0
9,34,Mumbai,BTech,1728663.0
4,26,Bangalore,MBA,553570.0
3,30,Mumbai,BTech,553838.0
3,24,Bangalore,MTech,662253.0
7,34,Mumbai,BTech,1088039.0
5,27,Hyderabad,MBA,1203363.0
5,27,Bangalore,MTech,1321327.0
1,25,Mumbai,MBA,414377.0
5,29,Bangalore,BTech,927790.0
2,26,Mumbai,MBA,351230.0
2,26,Delhi,BTech,294301.0
16,43,Hyderabad,BTech,5383516.0
16,43,Hyderabad,BTech,4452284.0
15,38,Bangalore,BTech,7626613.0
8,34,Mumbai,BTech,1688680.0
2,26,Delhi,MTech,590163.0
7,28,Hyderabad,BTech,1344964.0
1,24,Bangalore,BTech,372594.0
1,24,Mumbai,BTech,253068.0
2,27,Mumbai,MBA,356564.0
4,29,Mumbai,BTech,459597.0
7,34,Mumbai,MBA,1384180.0
4,31,Mumbai,BTech,667089.0
1,22,Bangalore,MTech,512298.0
6,33,Bangalore,BTech,1022395.0
5,25,Bangalore,BTech,922228.0
2,26,Bangalore,MTech,553485.0
6,33,Bangalore,BTech,952066.0
2,27,Hyderabad,BTech,344133.0
1,27,Bangalore,BTech,417437.0
5,27,Bangalore,MTech,932518.0
7,33,Delhi,BTech,743844.0
2,27,Bangalore,MTech,449532.0
6,31,Hyderabad,BTech,695697.0
4,30,Delhi,MBA,473303.0
9,32,Delhi,BTech,1091038.0
6,28,Bangalore,BTech,912397.0
12,39,Mumbai,MBA,4877008.0
1,27,Hyderabad,MTech,311407.0
10,31,Bangalore,BTech,1954959.0
2,26,Delhi,PhD,679139.0
3,28,Bangalore,MBA,545837.0
15,37,Mumbai,BTech,6128560.0
4,26,Hyderabad,BTech,763165.0
5,28,Hyderabad,BTech,851249.0
9,33,Mumbai,BTech,1988676.0
20,41,Bangalore,MBA,10000000.0
6,34,Bangalore,PhD,1392981.0
2,28,Hyderabad,BTech,352425.0
3,28,Hyderabad,BTech,444018.0
5,31,Mumbai,MTech,902792.0
19,44,Bangalore,BTech,9596593.0
14,36,Bangalore,BTech,4360597.0
6,31,Bangalore,BTech,839685.0
7,32,Mumbai,BTech,1243932.0
10,34,Hyderabad,MBA,3147484.0
7,34,Mumbai,BTech,1259041.0
7,33,Mumbai,BTech,1564167.0
3,24,Bangalore,BTech,611835.0
2,26,Hyderabad,MTech,328486.0
8,30,Delhi,BTech,1004734.0
20,43,Bangalore,BTech,8392774.0
2,28,Bangalore,MTech,435604.0
3,25,Bangalore,MTech,460471.0
9,32,Hyderabad,MTech,2027938.0
8,33,Bangalore,MBA,1679754.0
11,35,Mumbai,BTech,3540051.0
2,28,Hyderabad,MTech,628032.0
3,24,Hyderabad,MTech,750548.0
8,32,Mumbai,MTech,1574109.0
3,28,Mumbai,BTech,556671.0
1,25,Hyderabad,MBA,428862.0
10,37,Mumbai,BTech,1578150.0
16,40,Mumbai,BTech,6184768.0
2,29,Delhi,BTech,280105.0
2,28,Bangalore,MTech,498279.0
2,24,Mumbai,MBA,506484.0
1,26,Bangalore,MTech,424648.0
8,34,Hyderabad,PhD,2014791.0
4,31,Mumbai,MTech,837768.0
9,34,Bangalore,MTech,2032553.0
7,31,Delhi,BTech,910009.0
19,46,Bangalore,BTech,7750658.0
1,24,Hyderabad,MTech,407681.0
1,27,Bangalore,MTech,445237.0
1,23,Bangalore,MTech,399134.0
2,27,Hyderabad,MBA,606728.0
8,29,Bangalore,MTech,1602443.0
2,28,Hyderabad,MTech,505438.0
1,27,Bangalore,BTech,416093.0
3,30,Bangalore,MBA,758942.0
4,28,Bangalore,BTech,475781.0
4,32,Hyderabad,MTech,813222.0
4,28,Hyderabad,BTech,647692.0
8,35,Mumbai,BTech,1188370.0
12,34,Delhi,BTech,3528973.0
3,26,Mumbai,MBA,579646.0
1,28,Mumbai,MTech,322048.0
2,28,Delhi,MTech,508275.0
4,27,Delhi,BTech,646348.0
1,24,Hyderabad,BTech,369038.0
6,29,Bangalore,MTech,787455.0
5,29,Hyderabad,BTech,738001.0
12,34,Delhi,BTech,1988628.0
2,27,Mumbai,MBA,519732.0
5,27,Bangalore,BTech,1068547.0
18,41,Delhi,MTech,7161808.0
6,30,Bangalore,BTech,1234017.0
6,30,Bangalore,MTech,1164216.0
3,28,Delhi,BTech,644605.0
9,34,Mumbai,BTech,2062444.0
7,29,Bangalore,MTech,1588656.0
2,26,Bangalore,BTech,389769.0
4,29,Delhi,BTech,543580.0
11,38,Mumbai,BTech,1663331.0
5,31,Mumbai,BTech,657982.0
5,29,Bangalore,BTech,555840.0
16,41,Mumbai,MTech,9485699.0
1,27,Bangalore,BTech,452158.0
1,26,Bangalore,MTech,504683.0
5,30,Bangalore,BTech,759453.0
3,27,Mumbai,BTech,407662.0
2,26,Bangalore,BTech,482567.0
10,34,Bangalore,MBA,4129589.0
1,28,Mumbai,BTech,295069.0
13,39,Delhi,MTech,3738061.0
1,26,Bangalore,BTech,352751.0
4,27,Mumbai,BTech,622912.0
2,28,Bangalore,BTech,516788.0
2,24,Hyderabad,BTech,303689.0
2,26,Bangalore,BTech,398282.0
2,28,Bangalore,BTech,357006.0
2,26,Mumbai,MBA,371195.0
1,26,Bangalore,MTech,440455.0
5,26,Mumbai,PhD,1118578.0
2,25,Hyderabad,BTech,331990.0
13,34,Bangalore,BTech,4750261.0
1,24,Delhi,BTech,329051.0
7,32,Mumbai,BTech,967486.0
4,24,Delhi,MTech,721439.0
3,23,Hyderabad,MTech,736686.0
3,30,Hyderabad,BTech,347278.0
1,29,Delhi,PhD,352677.0
4,29,Delhi,BTech,538923.0
15,40,Delhi,BTech,5723137.0
1,24,Mumbai,MBA,269848.0
4,28,Mumbai,BTech,556319.0
5,26,Bangalore,MTech,976845.0
5,30,Mumbai,BTech,843769.0
3,28,Delhi,BTech,486115.0
1,23,Bangalore,BTech,381698.0
4,26,Delhi,BTech,730597.0
13,38,Bangalore,MBA,4425173.0
3,28,Hyderabad,BTech,552754.0
4,25,Delhi,BTech,414697.0
17,41,Delhi,MTech,9153624.0
6,30,Bangalore,PhD,871227.0
4,25,Mumbai,MTech,466508.0
3,29,Delhi,BTech,442145.0
3,26,Hyderabad,MTech,656692.0
4,26,Hyderabad,BTech,717838.0
3,27,Delhi,BTech,428717.0
4,25,Mumbai,MTech,989686.0
3,29,Hyderabad,BTech,339756.0
1,28,Mumbai,MTech,448832.0
10,33,Hyderabad,BTech,1905121.0
12,38,Bangalore,BTech,2930603.0
1,26,Mumbai,MBA,392007.0
2,24,Hyderabad,BTech,418704.0
10,32,Bangalore,BTech,2674809.0
2,26,Delhi,MTech,398891.0
3,28,Delhi,BTech,416050.0
15,41,Mumbai,PhD,6884895.0
3,27,Hyderabad,MBA,670461.0
1,27,Delhi,MTech,452982.0
2,27,Bangalore,BTech,628096.0
3,23,Bangalore,MTech,438696.0
16,38,Hyderabad,MTech,5465963.0
1,24,Bangalore,PhD,383180.0
1,23,Mumbai,BTech,356307.0
1,27,Hyderabad,BTech,384899.0
3,29,Hyderabad,MTech,489458.0
3,25,Bangalore,MBA,811407.0
6,33,Bangalore,MBA,1172625.0
3,24,Bangalore,BTech,492127.0
10,33,Bangalore,MTech,2280121.0
7,34,Delhi,MTech,1048462.0
3,29,Mumbai,BTech,485875.0
8,35,Mumbai,BTech,1356032.0
14,38,Mumbai,BTech,3967725.0
2,24,Hyderabad,MTech,670277.0
4,29,Hyderabad,BTech,524540.0
2,26,Delhi,BTech,563146.0
8,31,Bangalore,MBA,2066850.0
4,29,Bangalore,MTech,1128475.0
4,30,Hyderabad,BTech,744090.0
8,31,Bangalore,BTech,1896989.0
2,28,Bangalore,BTech,538162.0
3,27,Hyderabad,MBA,424774.0
3,27,Mumbai,BTech,480174.0
8,32,Delhi,MTech,1382064.0
5,26,Hyderabad,BTech,1018434.0
8,30,Bangalore,MBA,2322440.0
12,35,Mumbai,BTech,3244882.0
1,24,Delhi,MBA,288758.0
5,27,Bangalore,BTech,795084.0
10,31,Mumbai,MTech,2388347.0
11,35,Mumbai,PhD,3758852.0
8,33,Bangalore,BTech,1547239.0
4,27,Mumbai,PhD,912553.0
5,32,Delhi,BTech,888448.0
15,41,Mumbai,BTech,3763531.0
4,26,Delhi,MTech,525247.0
2,25,Mumbai,BTech,393690.0
12,34,Hyderabad,BTech,2963737.0
5,26,Delhi,PhD,891662.0
14,38,Bangalore,BTech,4513120.0
1,22,Delhi,MTech,268937.0
3,29,Mumbai,MTech,584774.0
14,40,Bangalore,BTech,4702169.0
12,37,Hyderabad,MBA,3841432.0
5,26,Bangalore,BTech,691643.0
2,22,Bangalore,BTech,655635.0
1,26,Delhi,BTech,291225.0
2,27,Delhi,BTech,347488.0
20,45,Mumbai,BTech,7966462.0
1,23,Hyderabad,BTech,386970.0
4,27,Mumbai,BTech,571088.0
5,27,Hyderabad,BTech,967476.0
3,25,Bangalore,MTech,755937.0
8,33,Delhi,BTech,921044.0
12,37,Delhi,MBA,4731374.0
8,30,Bangalore,BTech,1625872.0
2,22,Hyderabad,MBA,662146.0
5,32,Hyderabad,BTech,546418.0
3,26,Delhi,MTech,632446.0
9,35,Mumbai,MTech,1625177.0
2,27,Mumbai,BTech,421130.0
5,32,Delhi,MBA,1052150.0
1,24,Mumbai,MTech,391937.0
14,39,Bangalore,BTech,4924145.0
2,23,Mumbai,BTech,482217.0
4,29,Delhi,BTech,704944.0
1,23,Mumbai,BTech,352323.0
4,31,Delhi,BTech,527666.0
2,27,Bangalore,BTech,537670.0
1,26,Hyderabad,MBA,453925.0
2,26,Hyderabad,MTech,666057.0
1,23,Bangalore,BTech,309182.0
13,38,Bangalore,BTech,2872144.0
8,35,Bangalore,BTech,1784948.0
1,28,Bangalore,MTech,483484.0
3,28,Mumbai,BTech,531930.0
20,44,Hyderabad,BTech,8615544.0
3,24,Hyderabad,BTech,417405.0
5,27,Hyderabad,BTech,720956.0
3,31,Hyderabad,MBA,546632.0
4,26,Mumbai,BTech,689157.0
1,24,Bangalore,MBA,368018.0
2,25,Mumbai,MTech,477324.0
3,28,Bangalore,BTech,491528.0
3,27,Mumbai,MBA,628056.0
4,27,Delhi,BTech,676759.0
9,31,Mumbai,BTech,1761074.0
3,27,Bangalore,MBA,723712.0
4,28,Delhi,BTech,496806.0
14,37,Hyderabad,BTech,4029191.0
11,35,Bangalore,MTech,3108752.0
5,27,Bangalore,PhD,1200020.0
8,36,Hyderabad,BTech,1262253.0
3,29,Bangalore,BTech,496568.0
1,23,Bangalore,MBA,591392.0
14,42,Hyderabad,MTech,3410095.0
2,24,Bangalore,BTech,406177.0
12,40,Mumbai,BTech,3241435.0
7,33,Mumbai,MTech,1080433.0
1,26,Bangalore,BTech,406133.0
16,42,Mumbai,BTech,4810508.0
2,29,Delhi,MTech,540790.0
1,28,Hyderabad,BTech,300652.0
2,25,Hyderabad,MBA,512522.0
1,24,Hyderabad,MBA,524138.0
4,27,Delhi,MTech,921840.0
6,29,Hyderabad,BTech,816468.0
1,27,Bangalore,BTech,405269.0
4,25,Bangalore,BTech,866335.0
8,33,Mumbai,MTech,1713461.0
8,33,Delhi,BTech,1748353.0
4,28,Delhi,BTech,685994.0
3,26,Hyderabad,MBA,779233.0
6,27,Mumbai,BTech,1075348.0
11,38,Mumbai,BTech,2001205.0
7,32,Hyderabad,MBA,1849206.0
4,31,Hyderabad,MTech,818879.0
2,27,Delhi,BTech,449958.0
7,33,Hyderabad,MTech,870872.0
6,29,Bangalore,MTech,1038408.0
2,26,Mumbai,PhD,688931.0
11,35,Mumbai,MTech,2352850.0
2,30,Bangalore,MBA,464078.0
10,31,Bangalore,PhD,3018124.0
7,30,Delhi,MTech,1718495.0
7,30,Bangalore,BTech,1242320.0
6,29,Hyderabad,BTech,1366703.0
1,27,Hyderabad,MBA,352814.0
1,24,Mumbai,BTech,417334.0
6,26,Bangalore,MBA,1639842.0
2,23,Delhi,MBA,356061.0
20,42,Mumbai,MBA,10000000.0
5,30,Bangalore,MTech,1096844.0
12,35,Delhi,PhD,4146256.0
8,31,Bangalore,MTech,2179081.0
5,30,Bangalore,BTech,835445.0
12,39,Hyderabad,BTech,3135471.0
4,26,Bangalore,BTech,788695.0
3,30,Bangalore,BTech,645596.0
8,32,Bangalore,PhD,2450036.0
4,28,Delhi,MTech,874508.0
6,32,Mumbai,BTech,586403.0
3,27,Bangalore,BTech,686600.0
13,38,Hyderabad,MTech,5471398.0
2,23,Bangalore,BTech,639481.0
7,32,Mumbai,MTech,1386973.0
4,26,Delhi,MTech,649271.0
6,32,Delhi,PhD,860604.0
6,27,Mumbai,BTech,928335.0
1,25,Delhi,BTech,325522.0
10,33,Bangalore,BTech,2039946.0
1,25,Mumbai,BTech,245540.0
12,34,Mumbai,MTech,2654486.0
3,27,Hyderabad,BTech,483379.0
5,27,Mumbai,BTech,735753.0
10,32,Hyderabad,MTech,2650535.0
5,27,Hyderabad,MTech,1056012.0
9,31,Hyderabad,BTech,1662788.0
7,30,Delhi,MBA,1226492.0
2,30,Delhi,MBA,469357.0
8,34,Mumbai,PhD,1798929.0
12,37,Bangalore,BTech,3137532.0
8,28,Hyderabad,BTech,1616236.0
1,28,Delhi,MTech,350116.0
7,31,Bangalore,BTech,1328728.0
4,25,Bangalore,BTech,758814.0
1,26,Bangalore,BTech,404408.0
1,26,Mumbai,BTech,303306.0
10,34,Delhi,MBA,2177287.0
7,33,Hyderabad,MBA,1426521.0
13,36,Bangalore,BTech,3768563.0
5,29,Mumbai,MTech,1107754.0
1,25,Bangalore,MTech,426347.0
3,30,Bangalore,BTech,576327.0
7,32,Delhi,BTech,934210.0
9,34,Mumbai,BTech,1660092.0
4,28,Delhi,MBA,642304.0
17,40,Mumbai,MTech,10000000.0
5,28,Hyderabad,BTech,557676.0
1,26,Bangalore,PhD,556539.0
1,28,Mumbai,BTech,231114.0
7,31,Bangalore,PhD,1372298.0
7,29,Bangalore,BTech,1542950.0
8,33,Hyderabad,BTech,900750.0
12,35,Hyderabad,BTech,2895715.0
7,28,Bangalore,BTech,1152660.0
6,30,Bangalore,BTech,1046588.0
2,29,Mumbai,BTech,407272.0
5,31,Bangalore,MTech,1064817.0
13,35,Delhi,MBA,4229576.0
8,34,Mumbai,PhD,1773394.0
1,24,Delhi,MTech,428425.0
11,37,Mumbai,BTech,2276853.0
3,25,Hyderabad,BTech,427788.0
5,32,Delhi,BTech,674220.0
11,34,Mumbai,MBA,2680705.0
15,40,Hyderabad,MTech,5141567.0
8,28,Mumbai,MTech,1542028.0
1,24,Mumbai,BTech,328692.0
2,25,Mumbai,MTech,315852.0
3,26,Hyderabad,MTech,465170.0
4,26,Delhi,MTech,600174.0
3,25,Delhi,BTech,514976.0
2,26,Bangalore,BTech,457940.0
9,34,Mumbai,MTech,1864766.0
3,26,Hyderabad,MBA,652671.0
7,33,Bangalore,BTech,1467280.0
5,30,Mumbai,BTech,868945.0
7,34,Mumbai,MBA,1798747.0
1,23,Delhi,BTech,356195.0
4,26,Bangalore,MBA,842724.0
13,39,Delhi,BTech,4003658.0
3,30,Hyderabad,PhD,581986.0
3,27,Bangalore,BTech,528655.0
1,21,Bangalore,BTech,388099.0
7,29,Bangalore,MTech,1609393.0
4,30,Bangalore,MTech,1180962.0
1,24,Mumbai,BTech,386408.0
4,29,Mumbai,MBA,830453.0
4,29,Delhi,MBA,750688.0
5,27,Bangalore,MTech,1016788.0
1,26,Bangalore,BTech,492731.0
2,29,Hyderabad,BTech,297766.0
8,32,Mumbai,MTech,1653283.0
4,26,Mumbai,BTech,616975.0
2,24,Bangalore,MTech,416622.0
10,33,Hyderabad,BTech,2321754.0
13,36,Mumbai,BTech,2967842.0
4,25,Bangalore,BTech,826445.0
11,32,Hyderabad,MBA,3520162.0
1,24,Bangalore,MTech,398654.0
2,23,Hyderabad,BTech,517050.0
1,26,Hyderabad,PhD,564924.0
3,27,Bangalore,BTech,617172.0
6,31,Mumbai,BTech,970547.0
2,24,Hyderabad,BTech,304171.0
6,30,Delhi,MTech,1223031.0
1,25,Hyderabad,BTech,409032.0
2,26,Hyderabad,MTech,688042.0
3,29,Hyderabad,BTech,505344.0
2,24,Hyderabad,BTech,473138.0
8,31,Delhi,MTech,1568078.0
14,37,Hyderabad,BTech,4884876.0
12,36,Delhi,BTech,3525051.0
1,28,Bangalore,BTech,356354.0
11,32,Bangalore,MBA,4359933.0
6,29,Mumbai,BTech,721278.0
1,24,Hyderabad,MTech,372854.0
20,44,Hyderabad,MTech,10000000.0
5,29,Delhi,BTech,495538.0
9,31,Bangalore,MTech,2162522.0
5,28,Hyderabad,BTech,822263.0
5,30,Bangalore,MBA,1345116.0
9,32,Hyderabad,MTech,2572462.0
1,26,Delhi,MTech,372905.0
1,28,Hyderabad,MBA,356398.0
3,27,Bangalore,BTech,441999.0
3,25,Bangalore,MTech,693695.0
1,27,Delhi,MBA,438418.0
4,30,Hyderabad,PhD,740313.0
3,24,Hyderabad,BTech,515940.0
3,28,Delhi,BTech,472711.0
4,32,Bangalore,MTech,904994.0
4,26,Bangalore,MTech,555126.0
3,25,Bangalore,MTech,580905.0
6,31,Delhi,MTech,973809.0
1,26,Bangalore,MTech,603497.0
8,30,Bangalore,MTech,1958354.0
1,23,Bangalore,BTech,343521.0
1,24,Hyderabad,BTech,301737.0
5,27,Hyderabad,BTech,950741.0
12,33,Hyderabad,BTech,3053651.0
17,39,Bangalore,BTech,10000000.0
19,40,Delhi,PhD,8407028.0
6,29,Mumbai,BTech,772820.0
10,36,Bangalore,BTech,2552469.0
11,33,Bangalore,BTech,3793426.0
7,31,Mumbai,BTech,1128577.0
6,29,Bangalore,MTech,1283897.0
7,34,Mumbai,MBA,1228756.0
6,28,Mumbai,BTech,1097289.0
5,29,Delhi,MBA,685959.0
6,32,Bangalore,MTech,1213162.0
13,33,Bangalore,BTech,3839720.0
7,31,Bangalore,BTech,925775.0
4,28,Bangalore,MBA,930943.0
2,26,Hyderabad,PhD,518329.0
6,27,Delhi,MBA,1030641.0
2,23,Delhi,MBA,454517.0
1,27,Bangalore,BTech,391039.0
14,37,Hyderabad,MBA,5400966.0
12,35,Hyderabad,BTech,2383923.0
10,36,Hyderabad,BTech,2042430.0
5,26,Mumbai,PhD,1145796.0
5,30,Hyderabad,MBA,839499.0
4,31,Mumbai,MTech,594550.0
8,28,Bangalore,BTech,1135765.0
10,34,Bangalore,MTech,2566454.0
6,31,Hyderabad,MTech,1453304.0
13,39,Delhi,BTech,4555606.0
5,29,Mumbai,BTech,823974.0
5,26,Hyderabad,MTech,707507.0
13,37,Bangalore,MTech,6488596.0
6,32,Delhi,MBA,1350134.0
2,25,Hyderabad,BTech,387817.0
1,28,Hyderabad,MTech,485406.0
12,36,Delhi,MTech,3302552.0
7,31,Hyderabad,BTech,870579.0
6,29,Hyderabad,BTech,922940.0
1,23,Bangalore,BTech,432157.0
4,28,Hyderabad,BTech,508402.0
6,29,Bangalore,BTech,927250.0
1,26,Mumbai,BTech,276820.0
6,30,Delhi,MTech,754877.0
6,29,Hyderabad,PhD,1462742.0
2,26,Bangalore,MTech,558667.0
8,29,Hyderabad,BTech,1296591.0
2,30,Bangalore,BTech,660884.0
5,27,Delhi,PhD,1037212.0
6,30,Mumbai,MTech,1263057.0
5,27,Mumbai,MTech,824473.0
4,26,Delhi,BTech,495336.0
2,26,Mumbai,PhD,694428.0
7,31,Bangalore,BTech,1188428.0
1,25,Bangalore,BTech,374657.0
11,33,Bangalore,BTech,1917122.0
12,33,Mumbai,BTech,2903999.0
2,24,Bangalore,BTech,607422.0
3,23,Bangalore,MTech,693673.0
3,30,Mumbai,BTech,608114.0
3,28,Mumbai,BTech,506669.0
9,35,Hyderabad,BTech,1806783.0
2,28,Delhi,BTech,408787.0
17,42,Hyderabad,MTech,9071991.0
6,30,Bangalore,BTech,857385.0
1,25,Delhi,BTech,273915.0
16,39,Bangalore,BTech,6700578.0
6,32,Hyderabad,BTech,1028083.0
1,25,Bangalore,BTech,441550.0
1,26,Mumbai,BTech,311310.0
17,41,Mumbai,MTech,10000000.0
4,30,Mumbai,BTech,598817.0
2,29,Bangalore,MTech,619818.0
2,27,Hyderabad,PhD,490955.0
2,23,Bangalore,BTech,429306.0
3,28,Bangalore,BTech,482233.0
3,30,Mumbai,BTech,442711.0
2,27,Hyderabad,BTech,411640.0
3,29,Delhi,MBA,532790.0
1,23,Mumbai,BTech,330199.0
3,29,Bangalore,BTech,379726.0
3,30,Hyderabad,BTech,407474.0
12,39,Bangalore,MTech,4383511.0
3,29,Delhi,BTech,463132.0
4,27,Mumbai,MTech,755208.0
3,26,Bangalore,BTech,373358.0
10,37,Hyderabad,BTech,2192927.0
5,33,Mumbai,BTech,673595.0
10,35,Bangalore,MBA,2733840.0
15,39,Hyderabad,BTech,4736172.0
3,29,Hyderabad,BTech,623893.0
8,35,Bangalore,BTech,1437575.0
8,30,Bangalore,MTech,1319111.0
20,44,Delhi,BTech,7483316.0
7,28,Bangalore,BTech,1047118.0
2,24,Hyderabad,MTech,429006.0
1,22,Hyderabad,MBA,449588.0
5,28,Delhi,BTech,761847.0
8,33,Mumbai,PhD,2111997.0
5,31,Delhi,MTech,861012.0
8,30,Bangalore,BTech,1330029.0
1,25,Hyderabad,BTech,375881.0
7,29,Bangalore,PhD,1514260.0
3,25,Mumbai,BTech,474108.0
4,25,Bangalore,MTech,677917.0
14,41,Bangalore,BTech,5371809.0
5,31,Delhi,MTech,897729.0
5,31,Delhi,MTech,758514.0
3,29,Hyderabad,BTech,498721.0
11,32,Mumbai,BTech,2439195.0
8,29,Bangalore,MTech,1984232.0
6,33,Bangalore,MBA,1349720.0
5,30,Delhi,MBA,1009356.0
1,25,Bangalore,BTech,363946.0
6,28,Bangalore,BTech,1047651.0
2,28,Bangalore,BTech,465585.0
17,40,Bangalore,MTech,10000000.0
5,28,Mumbai,MTech,942673.0
6,32,Hyderabad,BTech,805603.0
20,47,Bangalore,MBA,10000000.0
1,24,Hyderabad,MTech,281834.0
3,27,Bangalore,MBA,798082.0
11,37,Delhi,MTech,2274242.0
8,29,Mumbai,MTech,1927451.0
1,25,Mumbai,BTech,471769.0
2,26,Delhi,MTech,521454.0
3,24,Bangalore,BTech,454739.0
5,29,Delhi,MTech,949077.0
9,36,Hyderabad,MTech,2082705.0
7,29,Hyderabad,BTech,1412895.0
3,30,Delhi,BTech,646958.0
3,30,Bangalore,MTech,851350.0
2,26,Delhi,BTech,482802.0
7,29,Mumbai,BTech,1198255.0
8,29,Bangalore,BTech,1595793.0
7,31,Bangalore,PhD,1425299.0
11,34,Hyderabad,BTech,2362538.0
1,24,Mumbai,MTech,462695.0
2,29,Bangalore,MBA,590372.0
2,29,Bangalore,MBA,498177.0
3,31,Delhi,MBA,676234.0
1,23,Bangalore,BTech,308179.0
10,33,Mumbai,MBA,3282901.0
3,27,Hyderabad,MTech,533057.0
13,40,Mumbai,BTech,3790661.0
3,26,Hyderabad,BTech,549617.0
15,43,Delhi,BTech,4799528.0
5,26,Hyderabad,MBA,910105.0
3,28,Bangalore,BTech,617595.0
2,29,Hyderabad,BTech,427449.0
6,29,Hyderabad,BTech,1000587.0
3,27,Mumbai,MTech,628692.0
2,26,Bangalore,BTech,522347.0
11,31,Mumbai,BTech,2810469.0
14,40,Delhi,BTech,4402230.0
3,29,Hyderabad,BTech,633145.0
9,34,Bangalore,BTech,1904793.0
6,27,Bangalore,MBA,1092826.0
1,21,Mumbai,BTech,333514.0
6,28,Mumbai,MBA,749194.0
4,28,Hyderabad,MTech,781672.0
2,25,Hyderabad,PhD,721455.0
5,29,Bangalore,BTech,862824.0
3,27,Delhi,BTech,390425.0
8,31,Bangalore,MTech,1573101.0
13,41,Mumbai,MTech,4446937.0
3,29,Bangalore,MTech,486746.0
10,30,Delhi,BTech,1853961.0
5,28,Hyderabad,MBA,820130.0
2,28,Hyderabad,BTech,447065.0
3,30,Delhi,MBA,790016.0
3,25,Mumbai,MTech,703449.0
4,29,Hyderabad,PhD,792264.0
2,27,Hyderabad,MTech,536848.0
2,26,Delhi,BTech,323243.0
7,28,Bangalore,BTech,1672546.0
7,33,Bangalore,MBA,1569358.0
13,35,Mumbai,BTech,4378613.0
9,32,Hyderabad,BTech,1930544.0
16,39,Bangalore,BTech,5070910.0
3,24,Bangalore,BTech,475052.0
12,34,Mumbai,MTech,4643674.0
5,28,Mumbai,BTech,834529.0
3,28,Mumbai,BTech,452910.0
3,28,Bangalore,MTech,673593.0
2,25,Mumbai,BTech,577812.0
6,31,Hyderabad,BTech,991075.0
11,38,Hyderabad,BTech,2721616.0
1,26,Hyderabad,BTech,312609.0
3,26,Mumbai,BTech,538353.0
3,24,Bangalore,BTech,677612.0
8,29,Hyderabad,MTech,1674559.0
17,41,Bangalore,MBA,10000000.0
4,27,Mumbai,BTech,747086.0
3,28,Delhi,BTech,595234.0
1,26,Delhi,MBA,375043.0
12,38,Mumbai,MTech,3403903.0
4,25,Hyderabad,BTech,506758.0
3,26,Mumbai,BTech,580141.0
5,30,Mumbai,BTech,732442.0
7,34,Mumbai,MBA,1493154.0
12,35,Mumbai,MTech,3812916.0
6,29,Hyderabad,BTech,609859.0
6,31,Delhi,MBA,1178035.0
1,27,Delhi,MBA,341814.0
20,41,Bangalore,BTech,9971088.0
4,29,Bangalore,BTech,849753.0
6,31,Bangalore,MTech,1112954.0
6,30,Mumbai,BTech,1054455.0
7,29,Hyderabad,BTech,1114859.0
1,24,Bangalore,MBA,418392.0
1,21,Mumbai,BTech,385815.0
4,30,Delhi,MTech,763833.0
15,40,Bangalore,BTech,4212955.0
7,34,Delhi,MTech,1381952.0
2,29,Bangalore,BTech,319729.0
1,27,Mumbai,BTech,221703.0
4,27,Hyderabad,MTech,1049655.0
7,34,Hyderabad,MTech,1138306.0
3,29,Bangalore,BTech,652460.0
1,23,Hyderabad,MTech,528799.0
14,40,Mumbai,BTech,5199514.0
14,39,Bangalore,MBA,6461242.0
2,25,Delhi,BTech,504352.0
7,30,Mumbai,MTech,1175392.0
1,27,Mumbai,PhD,287543.0
4,28,Delhi,BTech,653768.0
7,31,Hyderabad,BTech,1292966.0
4,28,Bangalore,MBA,1006717.0
17,41,Bangalore,BTech,6023557.0
3,27,Hyderabad,MTech,605864.0
7,30,Hyderabad,BTech,796148.0
5,32,Hyderabad,BTech,616302.0
2,24,Mumbai,MTech,481446.0
5,27,Bangalore,BTech,551443.0
8,28,Delhi,MTech,1158153.0
5,30,Hyderabad,MBA,956660.0
14,38,Bangalore,MTech,6972092.0
4,27,Bangalore,BTech,865943.0
3,29,Bangalore,PhD,600109.0
6,28,Bangalore,BTech,1135485.0
1,24,Hyderabad,BTech,349348.0
3,27,Bangalore,MTech,438696.0
4,27,Hyderabad,BTech,742849.0
17,40,Bangalore,MTech,10000000.0
4,29,Bangalore,BTech,526405.0
5,27,Mumbai,BTech,881316.0
5,32,Hyderabad,MBA,911271.0
6,29,Bangalore,BTech,1097790.0
4,25,Hyderabad,MBA,680746.0
5,30,Hyderabad,BTech,578148.0
18,39,Hyderabad,BTech,8605655.0
2,27,Mumbai,BTech,321536.0
4,28,Mumbai,MTech,555721.0
4,29,Hyderabad,PhD,1020070.0
7,31,Bangalore,MTech,1716446.0
3,23,Mumbai,BTech,487215.0
6,29,Hyderabad,MTech,1386258.0
1,24,Mumbai,BTech,352185.0
2,24,Mumbai,BTech,329759.0
4,27,Bangalore,BTech,684522.0
1,21,Mumbai,MTech,462925.0
8,30,Bangalore,MTech,1937314.0
1,26,Bangalore,BTech,470455.0
12,36,Delhi,BTech,3127782.0
1,25,Hyderabad,MBA,487541.0
1,28,Delhi,BTech,316812.0
5,29,Hyderabad,BTech,1158030.0
3,27,Mumbai,MTech,553082.0
1,24,Bangalore,BTech,356931.0
5,31,Hyderabad,BTech,580236.0
2,29,Hyderabad,BTech,351535.0
9,31,Bangalore,MTech,2381567.0
2,27,Hyderabad,MTech,461625.0
11,38,Bangalore,MTech,4817711.0
1,23,Mumbai,PhD,504997.0
6,31,Mumbai,BTech,760167.0
9,34,Bangalore,BTech,1508581.0
1,25,Bangalore,MBA,562817.0
3,26,Mumbai,BTech,544184.0
10,33,Hyderabad,BTech,2466813.0
14,36,Hyderabad,BTech,3547416.0
1,23,Mumbai,BTech,393809.0
1,26,Hyderabad,MTech,304798.0
9,34,Mumbai,BTech,1068564.0
1,24,Bangalore,PhD,336384.0
7,33,Bangalore,MBA,1870113.0
10,34,Mumbai,MTech,2329770.0
3,29,Bangalore,BTech,616250.0
5,28,Delhi,BTech,471484.0
1,28,Delhi,MTech,409785.0
9,35,Hyderabad,MTech,2411347.0
2,24,Delhi,MTech,478804.0
4,27,Delhi,BTech,724964.0
8,30,Bangalore,BTech,1361409.0
3,28,Delhi,MBA,506369.0
7,28,Bangalore,BTech,1696484.0
4,29,Hyderabad,BTech,578461.0
1,26,Hyderabad,MTech,343896.0
3,30,Mumbai,BTech,491644.0
20,46,Mumbai,MBA,10000000.0
12,34,Mumbai,PhD,4638912.0
8,34,Hyderabad,BTech,1035776.0
2,26,Delhi,BTech,422039.0
2,28,Hyderabad,MBA,528213.0
5,30,Bangalore,BTech,697815.0
8,30,Delhi,MTech,1494826.0
2,27,Mumbai,MTech,561326.0
5,26,Delhi,BTech,635760.0
4,25,Delhi,MBA,925281.0
4,30,Bangalore,BTech,687530.0
3,26,Bangalore,MTech,673449.0
2,25,Hyderabad,BTech,406339.0
2,29,Bangalore,MTech,657492.0
2,26,Bangalore,MBA,631879.0
8,33,Bangalore,BTech,1009646.0
5,29,Hyderabad,MBA,912316.0
2,26,Mumbai,BTech,344727.0
5,30,Bangalore,BTech,709513.0
4,29,Bangalore,MTech,925808.0
8,30,Mumbai,BTech,1441133.0
5,30,Bangalore,MBA,1278427.0
6,26,Hyderabad,MBA,1089646.0
1,24,Bangalore,BTech,306117.0
3,30,Mumbai,BTech,584682.0
7,34,Hyderabad,BTech,1485247.0
4,31,Bangalore,MTech,767570.0
5,29,Mumbai,BTech,820383.0
1,22,Hyderabad,BTech,230034.0
13,40,Bangalore,MBA,5207217.0
5,28,Hyderabad,MTech,778507.0
5,30,Bangalore,BTech,1103342.0
7,30,Hyderabad,BTech,920241.0
3,28,Delhi,MBA,504655.0
3,28,Bangalore,BTech,648756.0
8,31,Delhi,PhD,2321301.0
3,26,Mumbai,BTech,414445.0
5,31,Bangalore,BTech,714314.0
3,29,Bangalore,BTech,521575.0
14,39,Delhi,MTech,4241909.0
13,36,Hyderabad,MTech,4796945.0
2,25,Bangalore,MBA,645668.0
1,24,Delhi,BTech,401346.0
3,27,Hyderabad,BTech,460040.0
3,25,Bangalore,MBA,685614.0
8,30,Delhi,BTech,1484636.0
6,29,Delhi,MBA,953643.0
1,27,Hyderabad,MBA,424658.0
3,29,Hyderabad,BTech,517245.0
4,24,Mumbai,BTech,627745.0
1,28,Delhi,BTech,413228.0
2,24,Bangalore,MBA,543199.0
5,29,Bangalore,BTech,1036308.0
7,30,Hyderabad,BTech,1583291.0
5,28,Delhi,MTech,699034.0
3,28,Hyderabad,BTech,360389.0
3,25,Delhi,BTech,425138.0
5,28,Delhi,BTech,954765.0
17,42,Bangalore,BTech,10000000.0
